<?xml version="1.0" encoding="UTF-8"?><idempiere Name="Related Products Plugin" Version="1.0" idempiereVersion="" DataBaseVersion="" Description="" Author="" AuthorEmail="druiz@bayen.de" CreatedDate="2015-05-08 18:35:29.346" UpdatedDate="2015-05-08 18:41:41.601" PackOutVersion="100" UpdateDictionary="false" Client="0-SYSTEM-System" AD_Client_UU="11237b53-9592-4af1-b3c5-afd216514b5d">
    <AD_EntityType type="table">
        <AD_Client_ID>0</AD_Client_ID>
        <AD_Org_ID>0</AD_Org_ID>
        <EntityType>BAY</EntityType>
        <IsActive>Y</IsActive>
        <Name>BAY</Name>
        <Description>tbayen_bxservice</Description>
        <Help/>
        <Version/>
        <ModelPackage/>
        <Classpath/>
        <Processing>N</Processing>
        <AD_EntityType_UU>d95dc7c6-9cf6-4f2c-a59b-f40779302641</AD_EntityType_UU>
    </AD_EntityType>
    <AD_Column type="table">
        <IsSyncDatabase>Y</IsSyncDatabase>
        <AD_Table_ID reference="id">662</AD_Table_ID>
        <AD_Reference_Value_ID reference="id"/>
        <AD_Client_ID>0</AD_Client_ID>
        <AD_Org_ID>0</AD_Org_ID>
        <Version>0</Version>
        <Name>UOM</Name>
        <Description>Unit of Measure</Description>
        <Help>The UOM defines a unique non monetary Unit of Measure</Help>
        <AD_Val_Rule_ID reference="id">210</AD_Val_Rule_ID>
        <ColumnName>C_UOM_ID</ColumnName>
        <DefaultValue/>
        <FieldLength>22</FieldLength>
        <IsKey>N</IsKey>
        <IsParent>N</IsParent>
        <IsMandatory>N</IsMandatory>
        <IsTranslated>N</IsTranslated>
        <IsIdentifier>N</IsIdentifier>
        <SeqNo>0</SeqNo>
        <IsEncrypted>N</IsEncrypted>
        <AD_Reference_ID reference="id">19</AD_Reference_ID>
        <IsActive>Y</IsActive>
        <VFormat/>
        <Callout/>
        <AD_Element_ID reference="id">215</AD_Element_ID>
        <IsUpdateable>Y</IsUpdateable>
        <AD_Process_ID reference="id"/>
        <ValueMin/>
        <ValueMax/>
        <IsSelectionColumn>N</IsSelectionColumn>
        <ReadOnlyLogic/>
        <EntityType>BAY</EntityType>
        <IsAlwaysUpdateable>N</IsAlwaysUpdateable>
        <ColumnSQL/>
        <MandatoryLogic/>
        <IsAutocomplete>N</IsAutocomplete>
        <IsAllowLogging>Y</IsAllowLogging>
        <FormatPattern/>
        <AD_Chart_ID reference="id"/>
        <AD_Column_UU>5d699b4f-cb2a-4abd-8759-a9afb59a4e95</AD_Column_UU>
        <IsAllowCopy>Y</IsAllowCopy>
        <SeqNoSelection>0</SeqNoSelection>
        <IsToolbarButton>N</IsToolbarButton>
        <IsSecure>N</IsSecure>
        <FKConstraintName>cuom_mrelatedproduct</FKConstraintName>
        <FKConstraintType>N</FKConstraintType>
    </AD_Column>
    <AD_Element type="table">
        <AD_Client_ID>0</AD_Client_ID>
        <AD_Org_ID>0</AD_Org_ID>
        <IsActive>Y</IsActive>
        <ColumnName>Bay_MasterInvoiceLine_ID</ColumnName>
        <Name>Master Invoice Line</Name>
        <Description>The invoice line of the master product if this line belongs to a related product</Description>
        <Help/>
        <PrintName>Master Invoice Line</PrintName>
        <PO_Description/>
        <PO_Help/>
        <PO_Name/>
        <PO_PrintName/>
        <EntityType>BAY</EntityType>
        <AD_Element_UU>9cdaddb8-ae48-4845-a202-1bfe2996823f</AD_Element_UU>
        <AD_Element_Trl type="translation">
            <Help/>
            <PO_Description/>
            <PO_Help/>
            <Name>Master Invoice Line</Name>
            <Description/>
            <PrintName>Master Invoice Line</PrintName>
            <PO_Name/>
            <PO_PrintName/>
            <AD_Language>es_CO</AD_Language>
            <IsActive>Y</IsActive>
            <IsTranslated>N</IsTranslated>
        </AD_Element_Trl>
    </AD_Element>
    <AD_Reference type="table">
        <AD_Client_ID>0</AD_Client_ID>
        <AD_Org_ID>0</AD_Org_ID>
        <Name>C_InvoiceLine</Name>
        <Description/>
        <Help/>
        <ValidationType>T</ValidationType>
        <IsActive>Y</IsActive>
        <VFormat/>
        <EntityType>BAY</EntityType>
        <IsOrderByValue>N</IsOrderByValue>
        <AD_Reference_UU>c58fe523-a0e0-492e-aa8b-7074cb731b8a</AD_Reference_UU>
        <AD_Reference_Trl type="translation">
            <Help/>
            <Name>C_InvoiceLine</Name>
            <Description/>
            <AD_Language>es_CO</AD_Language>
            <IsActive>Y</IsActive>
            <IsTranslated>N</IsTranslated>
        </AD_Reference_Trl>
        <AD_Ref_Table type="table">
            <AD_Client_ID>0</AD_Client_ID>
            <AD_Org_ID>0</AD_Org_ID>
            <AD_Reference_ID reference="uuid" reference-key="AD_Reference">c58fe523-a0e0-492e-aa8b-7074cb731b8a</AD_Reference_ID>
            <AD_Table_ID reference="id">333</AD_Table_ID>
            <WhereClause/>
            <OrderByClause/>
            <IsActive>Y</IsActive>
            <IsValueDisplayed>N</IsValueDisplayed>
            <EntityType>BAY</EntityType>
            <AD_Window_ID reference="id"/>
            <AD_Ref_Table_UU>50ceea4c-629e-41a4-a031-913423fedb08</AD_Ref_Table_UU>
            <AD_InfoWindow_ID reference="id"/>
            <AD_Display reference="id">3838</AD_Display>
            <AD_Key reference="id">3828</AD_Key>
        </AD_Ref_Table>
    </AD_Reference>
    <AD_Column type="table">
        <IsSyncDatabase>Y</IsSyncDatabase>
        <AD_Table_ID reference="id">333</AD_Table_ID>
        <AD_Reference_Value_ID reference="uuid" reference-key="AD_Reference">c58fe523-a0e0-492e-aa8b-7074cb731b8a</AD_Reference_Value_ID>
        <AD_Client_ID>0</AD_Client_ID>
        <AD_Org_ID>0</AD_Org_ID>
        <Version>0</Version>
        <Name>Master Invoice Line</Name>
        <Description>The invoice line of the master product if this line belongs to a related product</Description>
        <Help/>
        <AD_Val_Rule_ID reference="id"/>
        <ColumnName>Bay_MasterInvoiceLine_ID</ColumnName>
        <DefaultValue/>
        <FieldLength>22</FieldLength>
        <IsKey>N</IsKey>
        <IsParent>N</IsParent>
        <IsMandatory>N</IsMandatory>
        <IsTranslated>N</IsTranslated>
        <IsIdentifier>N</IsIdentifier>
        <SeqNo>0</SeqNo>
        <IsEncrypted>N</IsEncrypted>
        <AD_Reference_ID reference="id">30</AD_Reference_ID>
        <IsActive>Y</IsActive>
        <VFormat/>
        <Callout/>
        <AD_Element_ID reference="uuid" reference-key="AD_Element">9cdaddb8-ae48-4845-a202-1bfe2996823f</AD_Element_ID>
        <IsUpdateable>N</IsUpdateable>
        <AD_Process_ID reference="id"/>
        <ValueMin/>
        <ValueMax/>
        <IsSelectionColumn>N</IsSelectionColumn>
        <ReadOnlyLogic/>
        <EntityType>BAY</EntityType>
        <IsAlwaysUpdateable>N</IsAlwaysUpdateable>
        <ColumnSQL/>
        <MandatoryLogic/>
        <IsAutocomplete>N</IsAutocomplete>
        <IsAllowLogging>Y</IsAllowLogging>
        <FormatPattern/>
        <AD_Chart_ID reference="id"/>
        <AD_Column_UU>c9e7551f-786e-4c98-a145-7a77bcab61d4</AD_Column_UU>
        <IsAllowCopy>Y</IsAllowCopy>
        <SeqNoSelection>0</SeqNoSelection>
        <IsToolbarButton>N</IsToolbarButton>
        <IsSecure>N</IsSecure>
        <FKConstraintName>cinvoiceline_cinvoiceline</FKConstraintName>
        <FKConstraintType>C</FKConstraintType>
    </AD_Column>
    <AD_Element type="table">
        <AD_Client_ID>0</AD_Client_ID>
        <AD_Org_ID>0</AD_Org_ID>
        <IsActive>Y</IsActive>
        <ColumnName>Bay_MasterOrderLine_ID</ColumnName>
        <Name>Master Order Line</Name>
        <Description>The order line of the master product if this line belongs to a related product</Description>
        <Help/>
        <PrintName>Master Order Line</PrintName>
        <PO_Description/>
        <PO_Help/>
        <PO_Name/>
        <PO_PrintName/>
        <EntityType>BAY</EntityType>
        <AD_Element_UU>7163279e-72f2-44e9-9be2-9ea1c34d4f0f</AD_Element_UU>
        <AD_Element_Trl type="translation">
            <Help/>
            <PO_Description/>
            <PO_Help/>
            <Name>Master Order Line</Name>
            <Description>The order line of the master product if this line belongs to a related product</Description>
            <PrintName>Master Order Line</PrintName>
            <PO_Name/>
            <PO_PrintName/>
            <AD_Language>es_CO</AD_Language>
            <IsActive>Y</IsActive>
            <IsTranslated>N</IsTranslated>
        </AD_Element_Trl>
    </AD_Element>
    <AD_Column type="table">
        <IsSyncDatabase>Y</IsSyncDatabase>
        <AD_Table_ID reference="id">260</AD_Table_ID>
        <AD_Reference_Value_ID reference="id">271</AD_Reference_Value_ID>
        <AD_Client_ID>0</AD_Client_ID>
        <AD_Org_ID>0</AD_Org_ID>
        <Version>0</Version>
        <Name>Master Order Line</Name>
        <Description>The order line of the master product if this line belongs to a related product</Description>
        <Help/>
        <AD_Val_Rule_ID reference="id"/>
        <ColumnName>Bay_MasterOrderLine_ID</ColumnName>
        <DefaultValue/>
        <FieldLength>22</FieldLength>
        <IsKey>N</IsKey>
        <IsParent>N</IsParent>
        <IsMandatory>N</IsMandatory>
        <IsTranslated>N</IsTranslated>
        <IsIdentifier>N</IsIdentifier>
        <SeqNo>0</SeqNo>
        <IsEncrypted>N</IsEncrypted>
        <AD_Reference_ID reference="id">30</AD_Reference_ID>
        <IsActive>Y</IsActive>
        <VFormat/>
        <Callout/>
        <AD_Element_ID reference="uuid" reference-key="AD_Element">7163279e-72f2-44e9-9be2-9ea1c34d4f0f</AD_Element_ID>
        <IsUpdateable>N</IsUpdateable>
        <AD_Process_ID reference="id"/>
        <ValueMin/>
        <ValueMax/>
        <IsSelectionColumn>N</IsSelectionColumn>
        <ReadOnlyLogic/>
        <EntityType>BAY</EntityType>
        <IsAlwaysUpdateable>N</IsAlwaysUpdateable>
        <ColumnSQL/>
        <MandatoryLogic/>
        <IsAutocomplete>N</IsAutocomplete>
        <IsAllowLogging>Y</IsAllowLogging>
        <FormatPattern/>
        <AD_Chart_ID reference="id"/>
        <AD_Column_UU>8801688c-316e-4678-9a15-2ca66f5141ae</AD_Column_UU>
        <IsAllowCopy>Y</IsAllowCopy>
        <SeqNoSelection>0</SeqNoSelection>
        <IsToolbarButton>N</IsToolbarButton>
        <IsSecure>N</IsSecure>
        <FKConstraintName>corderline_corderline</FKConstraintName>
        <FKConstraintType>M</FKConstraintType>
    </AD_Column>
    <AD_Field type="table">
        <AD_Client_ID>0</AD_Client_ID>
        <AD_Org_ID>0</AD_Org_ID>
        <Name>Master Invoice Line</Name>
        <Description>The invoice line of the master product if this line belongs to a related product</Description>
        <Help/>
        <AD_Tab_ID reference="id">270</AD_Tab_ID>
        <AD_Column_ID reference="uuid" reference-key="AD_Column">c9e7551f-786e-4c98-a145-7a77bcab61d4</AD_Column_ID>
        <IsDisplayed>Y</IsDisplayed>
        <DisplayLogic/>
        <DisplayLength>10</DisplayLength>
        <SeqNo>40</SeqNo>
        <SortNo/>
        <IsSameLine>N</IsSameLine>
        <IsHeading>N</IsHeading>
        <IsFieldOnly>N</IsFieldOnly>
        <IsEncrypted>N</IsEncrypted>
        <IsActive>Y</IsActive>
        <IsReadOnly>Y</IsReadOnly>
        <IsCentrallyMaintained>Y</IsCentrallyMaintained>
        <AD_FieldGroup_ID reference="id"/>
        <EntityType>BAY</EntityType>
        <ObscureType/>
        <AD_Reference_ID reference="id"/>
        <IsMandatory/>
        <DefaultValue/>
        <AD_Reference_Value_ID reference="id"/>
        <AD_Val_Rule_ID reference="id"/>
        <Included_Tab_ID reference="id"/>
        <AD_Field_UU>9fb22b1b-753a-4222-8197-29478674a038</AD_Field_UU>
        <IsAllowCopy/>
        <IsDisplayedGrid>Y</IsDisplayedGrid>
        <SeqNoGrid>270</SeqNoGrid>
        <XPosition>4</XPosition>
        <ColumnSpan>2</ColumnSpan>
        <NumLines>1</NumLines>
        <IsQuickEntry>N</IsQuickEntry>
        <IsUpdateable/>
        <IsAlwaysUpdateable/>
        <MandatoryLogic/>
        <ReadOnlyLogic/>
        <IsToolbarButton/>
        <IsDefaultFocus>N</IsDefaultFocus>
        <IsAdvancedField>N</IsAdvancedField>
        <AD_Field_Trl type="translation">
            <Help/>
            <Description/>
            <Name>Master Invoice Line</Name>
            <AD_Language>es_CO</AD_Language>
            <IsActive>Y</IsActive>
            <IsTranslated>N</IsTranslated>
        </AD_Field_Trl>
    </AD_Field>
    <AD_Field type="table">
        <AD_Client_ID>0</AD_Client_ID>
        <AD_Org_ID>0</AD_Org_ID>
        <Name>Master Order Line</Name>
        <Description>The order line of the master product if this line belongs to a related product</Description>
        <Help/>
        <AD_Tab_ID reference="id">187</AD_Tab_ID>
        <AD_Column_ID reference="uuid" reference-key="AD_Column">8801688c-316e-4678-9a15-2ca66f5141ae</AD_Column_ID>
        <IsDisplayed>Y</IsDisplayed>
        <DisplayLogic/>
        <DisplayLength>22</DisplayLength>
        <SeqNo>40</SeqNo>
        <SortNo/>
        <IsSameLine>N</IsSameLine>
        <IsHeading>N</IsHeading>
        <IsFieldOnly>N</IsFieldOnly>
        <IsEncrypted>N</IsEncrypted>
        <IsActive>Y</IsActive>
        <IsReadOnly>Y</IsReadOnly>
        <IsCentrallyMaintained>Y</IsCentrallyMaintained>
        <AD_FieldGroup_ID reference="id"/>
        <EntityType>BAY</EntityType>
        <ObscureType/>
        <AD_Reference_ID reference="id"/>
        <IsMandatory/>
        <DefaultValue/>
        <AD_Reference_Value_ID reference="id"/>
        <AD_Val_Rule_ID reference="id"/>
        <Included_Tab_ID reference="id"/>
        <AD_Field_UU>503ee399-9205-400b-8a0a-4d4b7c729589</AD_Field_UU>
        <IsAllowCopy/>
        <IsDisplayedGrid>Y</IsDisplayedGrid>
        <SeqNoGrid>390</SeqNoGrid>
        <XPosition>4</XPosition>
        <ColumnSpan>2</ColumnSpan>
        <NumLines>1</NumLines>
        <IsQuickEntry>N</IsQuickEntry>
        <IsUpdateable/>
        <IsAlwaysUpdateable/>
        <MandatoryLogic/>
        <ReadOnlyLogic/>
        <IsToolbarButton/>
        <IsDefaultFocus>N</IsDefaultFocus>
        <IsAdvancedField>N</IsAdvancedField>
        <AD_Field_Trl type="translation">
            <Help/>
            <Description>The order line of the master product if this line belongs to a related product</Description>
            <Name>Master Order Line</Name>
            <AD_Language>es_CO</AD_Language>
            <IsActive>Y</IsActive>
            <IsTranslated>N</IsTranslated>
        </AD_Field_Trl>
    </AD_Field>
</idempiere>
