<?xml version="1.0" encoding="UTF-8"?><idempiere Name="Related Products Plugin" Version="1.1" idempiereVersion="" DataBaseVersion="" Description="" Author="" AuthorEmail="druiz@bayen.de" CreatedDate="2015-05-14 13:16:14.128" UpdatedDate="2015-05-14 13:16:14.128" PackOutVersion="100" UpdateDictionary="false" Client="0-SYSTEM-System" AD_Client_UU="11237b53-9592-4af1-b3c5-afd216514b5d">
    <AD_Column type="table">
        <IsSyncDatabase>Y</IsSyncDatabase>
        <AD_Table_ID reference="id">662</AD_Table_ID>
        <AD_Reference_Value_ID reference="id"/>
        <AD_Client_ID>0</AD_Client_ID>
        <AD_Org_ID>0</AD_Org_ID>
        <Version>0</Version>
        <Name>UOM</Name>
        <Description>Unit of Measure</Description>
        <Help>The UOM defines a unique non monetary Unit of Measure</Help>
        <AD_Val_Rule_ID reference="id">210</AD_Val_Rule_ID>
        <ColumnName>C_UOM_ID</ColumnName>
        <DefaultValue>@C_UOM_ID@</DefaultValue>
        <FieldLength>22</FieldLength>
        <IsKey>N</IsKey>
        <IsParent>Y</IsParent>
        <IsMandatory>N</IsMandatory>
        <IsTranslated>N</IsTranslated>
        <IsIdentifier>N</IsIdentifier>
        <SeqNo>0</SeqNo>
        <IsEncrypted>N</IsEncrypted>
        <AD_Reference_ID reference="id">19</AD_Reference_ID>
        <IsActive>Y</IsActive>
        <VFormat/>
        <Callout/>
        <AD_Element_ID reference="id">215</AD_Element_ID>
        <IsUpdateable>N</IsUpdateable>
        <AD_Process_ID reference="id"/>
        <ValueMin/>
        <ValueMax/>
        <IsSelectionColumn>N</IsSelectionColumn>
        <ReadOnlyLogic/>
        <EntityType>BAY</EntityType>
        <IsAlwaysUpdateable>N</IsAlwaysUpdateable>
        <ColumnSQL/>
        <MandatoryLogic>@RelatedProductType@='S'</MandatoryLogic>
        <IsAutocomplete>N</IsAutocomplete>
        <IsAllowLogging>Y</IsAllowLogging>
        <FormatPattern/>
        <AD_Chart_ID reference="id"/>
        <AD_Column_UU>5d699b4f-cb2a-4abd-8759-a9afb59a4e95</AD_Column_UU>
        <IsAllowCopy>Y</IsAllowCopy>
        <SeqNoSelection>0</SeqNoSelection>
        <IsToolbarButton>N</IsToolbarButton>
        <IsSecure>N</IsSecure>
        <FKConstraintName>cuom_mrelatedproduct</FKConstraintName>
        <FKConstraintType>N</FKConstraintType>
    </AD_Column>
    <AD_Column type="table">
        <IsSyncDatabase>Y</IsSyncDatabase>
        <AD_Table_ID reference="id">662</AD_Table_ID>
        <AD_Reference_Value_ID reference="id"/>
        <AD_Client_ID>0</AD_Client_ID>
        <AD_Org_ID>0</AD_Org_ID>
        <Version>0</Version>
        <Name>Quantity</Name>
        <Description>Quantity</Description>
        <Help>The Quantity indicates the number of a specific product or item for this document.</Help>
        <AD_Val_Rule_ID reference="id"/>
        <ColumnName>Qty</ColumnName>
        <DefaultValue>1</DefaultValue>
        <FieldLength>22</FieldLength>
        <IsKey>N</IsKey>
        <IsParent>N</IsParent>
        <IsMandatory>N</IsMandatory>
        <IsTranslated>N</IsTranslated>
        <IsIdentifier>N</IsIdentifier>
        <SeqNo>0</SeqNo>
        <IsEncrypted>N</IsEncrypted>
        <AD_Reference_ID reference="id">29</AD_Reference_ID>
        <IsActive>Y</IsActive>
        <VFormat/>
        <Callout/>
        <AD_Element_ID reference="id">526</AD_Element_ID>
        <IsUpdateable>N</IsUpdateable>
        <AD_Process_ID reference="id"/>
        <ValueMin>0</ValueMin>
        <ValueMax/>
        <IsSelectionColumn>N</IsSelectionColumn>
        <ReadOnlyLogic/>
        <EntityType>BAY</EntityType>
        <IsAlwaysUpdateable>N</IsAlwaysUpdateable>
        <ColumnSQL/>
        <MandatoryLogic/>
        <IsAutocomplete>N</IsAutocomplete>
        <IsAllowLogging>Y</IsAllowLogging>
        <FormatPattern/>
        <AD_Chart_ID reference="id"/>
        <AD_Column_UU>2809e796-6771-402b-bba0-1a0251aa8273</AD_Column_UU>
        <IsAllowCopy>Y</IsAllowCopy>
        <SeqNoSelection>0</SeqNoSelection>
        <IsToolbarButton>N</IsToolbarButton>
        <IsSecure>N</IsSecure>
        <FKConstraintName/>
        <FKConstraintType>N</FKConstraintType>
    </AD_Column>
    <AD_TableIndex type="table">
        <AD_Client_ID>0</AD_Client_ID>
        <AD_Org_ID>0</AD_Org_ID>
        <AD_TableIndex_UU>7ebd4925-4ede-42da-9921-d06336d94088</AD_TableIndex_UU>
        <Description/>
        <EntityType>BAY</EntityType>
        <IsActive>Y</IsActive>
        <Name>m_relatedproduct_pkey</Name>
        <AD_Table_ID reference="id">662</AD_Table_ID>
        <Help/>
        <IsCreateConstraint>Y</IsCreateConstraint>
        <IsUnique>Y</IsUnique>
        <Processing>N</Processing>
        <AD_Message_ID reference="id"/>
        <TableIndexDrop>N</TableIndexDrop>
        <IsKey>N</IsKey>
        <AD_IndexColumn type="table">
            <AD_Client_ID>0</AD_Client_ID>
            <AD_Org_ID>0</AD_Org_ID>
            <AD_IndexColumn_UU>f3ca4597-9023-444b-b869-3ba2642d3006</AD_IndexColumn_UU>
            <EntityType>BAY</EntityType>
            <IsActive>Y</IsActive>
            <AD_Column_ID reference="id">10857</AD_Column_ID>
            <AD_TableIndex_ID reference="uuid" reference-key="AD_TableIndex">7ebd4925-4ede-42da-9921-d06336d94088</AD_TableIndex_ID>
            <ColumnSQL/>
            <SeqNo>10</SeqNo>
        </AD_IndexColumn>
        <AD_IndexColumn type="table">
            <AD_Client_ID>0</AD_Client_ID>
            <AD_Org_ID>0</AD_Org_ID>
            <AD_IndexColumn_UU>5fa6d1fe-6688-423e-9ecf-7585900dbb9c</AD_IndexColumn_UU>
            <EntityType>BAY</EntityType>
            <IsActive>Y</IsActive>
            <AD_Column_ID reference="id">10852</AD_Column_ID>
            <AD_TableIndex_ID reference="uuid" reference-key="AD_TableIndex">7ebd4925-4ede-42da-9921-d06336d94088</AD_TableIndex_ID>
            <ColumnSQL/>
            <SeqNo>20</SeqNo>
        </AD_IndexColumn>
        <AD_IndexColumn type="table">
            <AD_Client_ID>0</AD_Client_ID>
            <AD_Org_ID>0</AD_Org_ID>
            <AD_IndexColumn_UU>63c3019a-120f-43db-ab89-68349c3bc3fc</AD_IndexColumn_UU>
            <EntityType>BAY</EntityType>
            <IsActive>Y</IsActive>
            <AD_Column_ID reference="id">10853</AD_Column_ID>
            <AD_TableIndex_ID reference="uuid" reference-key="AD_TableIndex">7ebd4925-4ede-42da-9921-d06336d94088</AD_TableIndex_ID>
            <ColumnSQL/>
            <SeqNo>30</SeqNo>
        </AD_IndexColumn>
        <AD_IndexColumn type="table">
            <AD_Client_ID>0</AD_Client_ID>
            <AD_Org_ID>0</AD_Org_ID>
            <AD_IndexColumn_UU>016c59cf-a44f-495d-9484-2bff5c8dbd23</AD_IndexColumn_UU>
            <EntityType>BAY</EntityType>
            <IsActive>Y</IsActive>
            <AD_Column_ID reference="uuid" reference-key="AD_Column">5d699b4f-cb2a-4abd-8759-a9afb59a4e95</AD_Column_ID>
            <AD_TableIndex_ID reference="uuid" reference-key="AD_TableIndex">7ebd4925-4ede-42da-9921-d06336d94088</AD_TableIndex_ID>
            <ColumnSQL/>
            <SeqNo>40</SeqNo>
        </AD_IndexColumn>
    </AD_TableIndex>
    <AD_Element type="table">
        <AD_Client_ID>0</AD_Client_ID>
        <AD_Org_ID>0</AD_Org_ID>
        <IsActive>Y</IsActive>
        <ColumnName>Bay_MasterInvoiceLine_ID</ColumnName>
        <Name>Master Invoice Line</Name>
        <Description>The invoice line of the master product if this line belongs to a related product</Description>
        <Help/>
        <PrintName>Master Invoice Line</PrintName>
        <PO_Description/>
        <PO_Help/>
        <PO_Name/>
        <PO_PrintName/>
        <EntityType>BAY</EntityType>
        <AD_Element_UU>9cdaddb8-ae48-4845-a202-1bfe2996823f</AD_Element_UU>
        <AD_Element_Trl type="translation">
            <Help/>
            <PO_Description/>
            <PO_Help/>
            <Name>Master Invoice Line</Name>
            <Description/>
            <PrintName>Master Invoice Line</PrintName>
            <PO_Name/>
            <PO_PrintName/>
            <AD_Language>es_CO</AD_Language>
            <IsActive>Y</IsActive>
            <IsTranslated>N</IsTranslated>
        </AD_Element_Trl>
    </AD_Element>
    <AD_Reference type="table">
        <AD_Client_ID>0</AD_Client_ID>
        <AD_Org_ID>0</AD_Org_ID>
        <Name>C_InvoiceLine</Name>
        <Description/>
        <Help/>
        <ValidationType>T</ValidationType>
        <IsActive>Y</IsActive>
        <VFormat/>
        <EntityType>BAY</EntityType>
        <IsOrderByValue>N</IsOrderByValue>
        <AD_Reference_UU>c58fe523-a0e0-492e-aa8b-7074cb731b8a</AD_Reference_UU>
        <AD_Reference_Trl type="translation">
            <Help/>
            <Name>C_InvoiceLine</Name>
            <Description/>
            <AD_Language>es_CO</AD_Language>
            <IsActive>Y</IsActive>
            <IsTranslated>N</IsTranslated>
        </AD_Reference_Trl>
        <AD_Ref_Table type="table">
            <AD_Client_ID>0</AD_Client_ID>
            <AD_Org_ID>0</AD_Org_ID>
            <AD_Reference_ID reference="uuid" reference-key="AD_Reference">c58fe523-a0e0-492e-aa8b-7074cb731b8a</AD_Reference_ID>
            <AD_Table_ID reference="id">333</AD_Table_ID>
            <WhereClause/>
            <OrderByClause/>
            <IsActive>Y</IsActive>
            <IsValueDisplayed>N</IsValueDisplayed>
            <EntityType>BAY</EntityType>
            <AD_Window_ID reference="id"/>
            <AD_Ref_Table_UU>50ceea4c-629e-41a4-a031-913423fedb08</AD_Ref_Table_UU>
            <AD_InfoWindow_ID reference="id"/>
            <AD_Display reference="id">3838</AD_Display>
            <AD_Key reference="id">3828</AD_Key>
        </AD_Ref_Table>
    </AD_Reference>
    <AD_Column type="table">
        <IsSyncDatabase>Y</IsSyncDatabase>
        <AD_Table_ID reference="id">333</AD_Table_ID>
        <AD_Reference_Value_ID reference="uuid" reference-key="AD_Reference">c58fe523-a0e0-492e-aa8b-7074cb731b8a</AD_Reference_Value_ID>
        <AD_Client_ID>0</AD_Client_ID>
        <AD_Org_ID>0</AD_Org_ID>
        <Version>0</Version>
        <Name>Master Invoice Line</Name>
        <Description>The invoice line of the master product if this line belongs to a related product</Description>
        <Help/>
        <AD_Val_Rule_ID reference="id"/>
        <ColumnName>Bay_MasterInvoiceLine_ID</ColumnName>
        <DefaultValue/>
        <FieldLength>22</FieldLength>
        <IsKey>N</IsKey>
        <IsParent>N</IsParent>
        <IsMandatory>N</IsMandatory>
        <IsTranslated>N</IsTranslated>
        <IsIdentifier>N</IsIdentifier>
        <SeqNo>0</SeqNo>
        <IsEncrypted>N</IsEncrypted>
        <AD_Reference_ID reference="id">30</AD_Reference_ID>
        <IsActive>Y</IsActive>
        <VFormat/>
        <Callout/>
        <AD_Element_ID reference="uuid" reference-key="AD_Element">9cdaddb8-ae48-4845-a202-1bfe2996823f</AD_Element_ID>
        <IsUpdateable>Y</IsUpdateable>
        <AD_Process_ID reference="id"/>
        <ValueMin/>
        <ValueMax/>
        <IsSelectionColumn>N</IsSelectionColumn>
        <ReadOnlyLogic/>
        <EntityType>BAY</EntityType>
        <IsAlwaysUpdateable>N</IsAlwaysUpdateable>
        <ColumnSQL/>
        <MandatoryLogic/>
        <IsAutocomplete>N</IsAutocomplete>
        <IsAllowLogging>Y</IsAllowLogging>
        <FormatPattern/>
        <AD_Chart_ID reference="id"/>
        <AD_Column_UU>c9e7551f-786e-4c98-a145-7a77bcab61d4</AD_Column_UU>
        <IsAllowCopy>Y</IsAllowCopy>
        <SeqNoSelection>0</SeqNoSelection>
        <IsToolbarButton>N</IsToolbarButton>
        <IsSecure>N</IsSecure>
        <FKConstraintName>cinvoiceline_cinvoiceline</FKConstraintName>
        <FKConstraintType>C</FKConstraintType>
    </AD_Column>
    <AD_Element type="table">
        <AD_Client_ID>0</AD_Client_ID>
        <AD_Org_ID>0</AD_Org_ID>
        <IsActive>Y</IsActive>
        <ColumnName>Bay_MasterOrderLine_ID</ColumnName>
        <Name>Master Order Line</Name>
        <Description>The order line of the master product if this line belongs to a related product</Description>
        <Help/>
        <PrintName>Master Order Line</PrintName>
        <PO_Description/>
        <PO_Help/>
        <PO_Name/>
        <PO_PrintName/>
        <EntityType>BAY</EntityType>
        <AD_Element_UU>7163279e-72f2-44e9-9be2-9ea1c34d4f0f</AD_Element_UU>
        <AD_Element_Trl type="translation">
            <Help/>
            <PO_Description/>
            <PO_Help/>
            <Name>Master Order Line</Name>
            <Description>The order line of the master product if this line belongs to a related product</Description>
            <PrintName>Master Order Line</PrintName>
            <PO_Name/>
            <PO_PrintName/>
            <AD_Language>es_CO</AD_Language>
            <IsActive>Y</IsActive>
            <IsTranslated>N</IsTranslated>
        </AD_Element_Trl>
    </AD_Element>
    <AD_Column type="table">
        <IsSyncDatabase>Y</IsSyncDatabase>
        <AD_Table_ID reference="id">260</AD_Table_ID>
        <AD_Reference_Value_ID reference="id">271</AD_Reference_Value_ID>
        <AD_Client_ID>0</AD_Client_ID>
        <AD_Org_ID>0</AD_Org_ID>
        <Version>0</Version>
        <Name>Master Order Line</Name>
        <Description>The order line of the master product if this line belongs to a related product</Description>
        <Help/>
        <AD_Val_Rule_ID reference="id"/>
        <ColumnName>Bay_MasterOrderLine_ID</ColumnName>
        <DefaultValue/>
        <FieldLength>22</FieldLength>
        <IsKey>N</IsKey>
        <IsParent>N</IsParent>
        <IsMandatory>N</IsMandatory>
        <IsTranslated>N</IsTranslated>
        <IsIdentifier>N</IsIdentifier>
        <SeqNo>0</SeqNo>
        <IsEncrypted>N</IsEncrypted>
        <AD_Reference_ID reference="id">30</AD_Reference_ID>
        <IsActive>Y</IsActive>
        <VFormat/>
        <Callout/>
        <AD_Element_ID reference="uuid" reference-key="AD_Element">7163279e-72f2-44e9-9be2-9ea1c34d4f0f</AD_Element_ID>
        <IsUpdateable>Y</IsUpdateable>
        <AD_Process_ID reference="id"/>
        <ValueMin/>
        <ValueMax/>
        <IsSelectionColumn>N</IsSelectionColumn>
        <ReadOnlyLogic/>
        <EntityType>BAY</EntityType>
        <IsAlwaysUpdateable>N</IsAlwaysUpdateable>
        <ColumnSQL/>
        <MandatoryLogic/>
        <IsAutocomplete>N</IsAutocomplete>
        <IsAllowLogging>Y</IsAllowLogging>
        <FormatPattern/>
        <AD_Chart_ID reference="id"/>
        <AD_Column_UU>8801688c-316e-4678-9a15-2ca66f5141ae</AD_Column_UU>
        <IsAllowCopy>Y</IsAllowCopy>
        <SeqNoSelection>0</SeqNoSelection>
        <IsToolbarButton>N</IsToolbarButton>
        <IsSecure>N</IsSecure>
        <FKConstraintName>corderline_corderline</FKConstraintName>
        <FKConstraintType>C</FKConstraintType>
    </AD_Column>
    <AD_Field type="table">
        <AD_Client_ID>0</AD_Client_ID>
        <AD_Org_ID>0</AD_Org_ID>
        <Name>Master Invoice Line</Name>
        <Description>The invoice line of the master product if this line belongs to a related product</Description>
        <Help/>
        <AD_Tab_ID reference="id">270</AD_Tab_ID>
        <AD_Column_ID reference="uuid" reference-key="AD_Column">c9e7551f-786e-4c98-a145-7a77bcab61d4</AD_Column_ID>
        <IsDisplayed>Y</IsDisplayed>
        <DisplayLogic/>
        <DisplayLength>10</DisplayLength>
        <SeqNo>40</SeqNo>
        <SortNo/>
        <IsSameLine>N</IsSameLine>
        <IsHeading>N</IsHeading>
        <IsFieldOnly>N</IsFieldOnly>
        <IsEncrypted>N</IsEncrypted>
        <IsActive>Y</IsActive>
        <IsReadOnly>Y</IsReadOnly>
        <IsCentrallyMaintained>Y</IsCentrallyMaintained>
        <AD_FieldGroup_ID reference="id"/>
        <EntityType>BAY</EntityType>
        <ObscureType/>
        <AD_Reference_ID reference="id"/>
        <IsMandatory/>
        <DefaultValue/>
        <AD_Reference_Value_ID reference="id"/>
        <AD_Val_Rule_ID reference="id"/>
        <Included_Tab_ID reference="id"/>
        <AD_Field_UU>9fb22b1b-753a-4222-8197-29478674a038</AD_Field_UU>
        <IsAllowCopy/>
        <IsDisplayedGrid>Y</IsDisplayedGrid>
        <SeqNoGrid>270</SeqNoGrid>
        <XPosition>4</XPosition>
        <ColumnSpan>2</ColumnSpan>
        <NumLines>1</NumLines>
        <IsQuickEntry>N</IsQuickEntry>
        <IsUpdateable/>
        <IsAlwaysUpdateable/>
        <MandatoryLogic/>
        <ReadOnlyLogic/>
        <IsToolbarButton/>
        <IsDefaultFocus>N</IsDefaultFocus>
        <IsAdvancedField>N</IsAdvancedField>
        <AD_Field_Trl type="translation">
            <Help/>
            <Description/>
            <Name>Master Invoice Line</Name>
            <AD_Language>es_CO</AD_Language>
            <IsActive>Y</IsActive>
            <IsTranslated>N</IsTranslated>
        </AD_Field_Trl>
    </AD_Field>
    <AD_Field type="table">
        <AD_Client_ID>0</AD_Client_ID>
        <AD_Org_ID>0</AD_Org_ID>
        <Name>Master Order Line</Name>
        <Description>The order line of the master product if this line belongs to a related product</Description>
        <Help/>
        <AD_Tab_ID reference="id">187</AD_Tab_ID>
        <AD_Column_ID reference="uuid" reference-key="AD_Column">8801688c-316e-4678-9a15-2ca66f5141ae</AD_Column_ID>
        <IsDisplayed>Y</IsDisplayed>
        <DisplayLogic/>
        <DisplayLength>22</DisplayLength>
        <SeqNo>40</SeqNo>
        <SortNo/>
        <IsSameLine>N</IsSameLine>
        <IsHeading>N</IsHeading>
        <IsFieldOnly>N</IsFieldOnly>
        <IsEncrypted>N</IsEncrypted>
        <IsActive>Y</IsActive>
        <IsReadOnly>Y</IsReadOnly>
        <IsCentrallyMaintained>Y</IsCentrallyMaintained>
        <AD_FieldGroup_ID reference="id"/>
        <EntityType>BAY</EntityType>
        <ObscureType/>
        <AD_Reference_ID reference="id"/>
        <IsMandatory/>
        <DefaultValue/>
        <AD_Reference_Value_ID reference="id"/>
        <AD_Val_Rule_ID reference="id"/>
        <Included_Tab_ID reference="id"/>
        <AD_Field_UU>503ee399-9205-400b-8a0a-4d4b7c729589</AD_Field_UU>
        <IsAllowCopy/>
        <IsDisplayedGrid>Y</IsDisplayedGrid>
        <SeqNoGrid>390</SeqNoGrid>
        <XPosition>4</XPosition>
        <ColumnSpan>2</ColumnSpan>
        <NumLines>1</NumLines>
        <IsQuickEntry>N</IsQuickEntry>
        <IsUpdateable/>
        <IsAlwaysUpdateable/>
        <MandatoryLogic/>
        <ReadOnlyLogic/>
        <IsToolbarButton/>
        <IsDefaultFocus>N</IsDefaultFocus>
        <IsAdvancedField>N</IsAdvancedField>
        <AD_Field_Trl type="translation">
            <Help/>
            <Description>The order line of the master product if this line belongs to a related product</Description>
            <Name>Master Order Line</Name>
            <AD_Language>es_CO</AD_Language>
            <IsActive>Y</IsActive>
            <IsTranslated>N</IsTranslated>
        </AD_Field_Trl>
    </AD_Field>
    <AD_Field type="table">
        <AD_Client_ID>0</AD_Client_ID>
        <AD_Org_ID>0</AD_Org_ID>
        <Name>Master Order Line</Name>
        <Description>The order line of the master product if this line belongs to a related product</Description>
        <Help/>
        <AD_Tab_ID reference="id">293</AD_Tab_ID>
        <AD_Column_ID reference="uuid" reference-key="AD_Column">8801688c-316e-4678-9a15-2ca66f5141ae</AD_Column_ID>
        <IsDisplayed>Y</IsDisplayed>
        <DisplayLogic/>
        <DisplayLength>22</DisplayLength>
        <SeqNo>40</SeqNo>
        <SortNo/>
        <IsSameLine>N</IsSameLine>
        <IsHeading>N</IsHeading>
        <IsFieldOnly>N</IsFieldOnly>
        <IsEncrypted>N</IsEncrypted>
        <IsActive>Y</IsActive>
        <IsReadOnly>N</IsReadOnly>
        <IsCentrallyMaintained>Y</IsCentrallyMaintained>
        <AD_FieldGroup_ID reference="id"/>
        <EntityType>BAY</EntityType>
        <ObscureType/>
        <AD_Reference_ID reference="id"/>
        <IsMandatory/>
        <DefaultValue/>
        <AD_Reference_Value_ID reference="id"/>
        <AD_Val_Rule_ID reference="id"/>
        <Included_Tab_ID reference="id"/>
        <AD_Field_UU>4a13dc50-8890-4b57-bed0-e249b652eb23</AD_Field_UU>
        <IsAllowCopy/>
        <IsDisplayedGrid>Y</IsDisplayedGrid>
        <SeqNoGrid>350</SeqNoGrid>
        <XPosition>4</XPosition>
        <ColumnSpan>2</ColumnSpan>
        <NumLines>1</NumLines>
        <IsQuickEntry>N</IsQuickEntry>
        <IsUpdateable/>
        <IsAlwaysUpdateable/>
        <MandatoryLogic/>
        <ReadOnlyLogic/>
        <IsToolbarButton/>
        <IsDefaultFocus>N</IsDefaultFocus>
        <IsAdvancedField>N</IsAdvancedField>
        <AD_Field_Trl type="translation">
            <Help/>
            <Description>The order line of the master product if this line belongs to a related product</Description>
            <Name>Master Order Line</Name>
            <AD_Language>es_CO</AD_Language>
            <IsActive>Y</IsActive>
            <IsTranslated>N</IsTranslated>
        </AD_Field_Trl>
    </AD_Field>
    <AD_Field type="table">
        <AD_Client_ID>0</AD_Client_ID>
        <AD_Org_ID>0</AD_Org_ID>
        <Name>Master Invoice Line</Name>
        <Description>The invoice line of the master product if this line belongs to a related product</Description>
        <Help/>
        <AD_Tab_ID reference="id">291</AD_Tab_ID>
        <AD_Column_ID reference="uuid" reference-key="AD_Column">c9e7551f-786e-4c98-a145-7a77bcab61d4</AD_Column_ID>
        <IsDisplayed>Y</IsDisplayed>
        <DisplayLogic/>
        <DisplayLength>22</DisplayLength>
        <SeqNo>40</SeqNo>
        <SortNo/>
        <IsSameLine>N</IsSameLine>
        <IsHeading>N</IsHeading>
        <IsFieldOnly>N</IsFieldOnly>
        <IsEncrypted>N</IsEncrypted>
        <IsActive>Y</IsActive>
        <IsReadOnly>N</IsReadOnly>
        <IsCentrallyMaintained>Y</IsCentrallyMaintained>
        <AD_FieldGroup_ID reference="id"/>
        <EntityType>BAY</EntityType>
        <ObscureType/>
        <AD_Reference_ID reference="id"/>
        <IsMandatory/>
        <DefaultValue/>
        <AD_Reference_Value_ID reference="id"/>
        <AD_Val_Rule_ID reference="id"/>
        <Included_Tab_ID reference="id"/>
        <AD_Field_UU>0266e63e-51dc-498a-a34a-a3ef2e4cdc55</AD_Field_UU>
        <IsAllowCopy/>
        <IsDisplayedGrid>Y</IsDisplayedGrid>
        <SeqNoGrid>320</SeqNoGrid>
        <XPosition>4</XPosition>
        <ColumnSpan>2</ColumnSpan>
        <NumLines>1</NumLines>
        <IsQuickEntry>N</IsQuickEntry>
        <IsUpdateable/>
        <IsAlwaysUpdateable/>
        <MandatoryLogic/>
        <ReadOnlyLogic/>
        <IsToolbarButton/>
        <IsDefaultFocus>N</IsDefaultFocus>
        <IsAdvancedField>N</IsAdvancedField>
        <AD_Field_Trl type="translation">
            <Help/>
            <Description/>
            <Name>Master Invoice Line</Name>
            <AD_Language>es_CO</AD_Language>
            <IsActive>Y</IsActive>
            <IsTranslated>N</IsTranslated>
        </AD_Field_Trl>
    </AD_Field>
    <AD_Message type="table">
        <AD_Client_ID>0</AD_Client_ID>
        <AD_Org_ID>0</AD_Org_ID>
        <MsgType>E</MsgType>
        <MsgText>This line can't be deleted or modified because it is a supplemental product</MsgText>
        <MsgTip/>
        <IsActive>Y</IsActive>
        <Value>BAY_SupplementalProducts</Value>
        <EntityType>BAY</EntityType>
        <AD_Message_UU>30c40bd1-f17b-40f7-a6a5-5fe60c2ba3cb</AD_Message_UU>
        <AD_Message_Trl type="translation">
            <MsgText>This line can't be deleted because it is a supplemental product</MsgText>
            <MsgTip/>
            <AD_Language>es_CO</AD_Language>
            <IsActive>Y</IsActive>
            <IsTranslated>N</IsTranslated>
        </AD_Message_Trl>
    </AD_Message>
    <SQLStatement type="custom">
        <DBType>ALL</DBType>
        <statement><![CDATA[UPDATE AD_Column SET ReadOnlyLogic=chr(64)||'Bay_MasterOrderLine_ID'||chr(64)||' !0 ', Updated=SYSDATE WHERE AD_Column_ID=2232  OR AD_Column_ID=14200 OR AD_Column_ID=12875 OR AD_Column_ID=4022 OR AD_Column_ID=2231 OR AD_Column_ID=12876 OR AD_Column_ID=2224 OR AD_Column_ID=2235 OR AD_Column_ID=2214]]></statement>
    </SQLStatement>
    <SQLStatement type="custom">
        <DBType>ALL</DBType>
        <statement><![CDATA[UPDATE AD_Column SET ReadOnlyLogic=chr(64)||'Bay_MasterOrderLine_ID'||chr(64)||' !0 | '||chr(64)||'S_ResourceAssignment_ID'||chr(64)||'!0 | '||chr(64)||'C_Charge_ID'||chr(64)||'!0', Updated=SYSDATE WHERE AD_Column_ID=2221 ]]></statement>
    </SQLStatement>
    <SQLStatement type="custom">
        <DBType>ALL</DBType>
        <statement><![CDATA[UPDATE AD_Column SET DefaultValue = 'S', Updated=SYSDATE WHERE AD_Column_ID=10853]]></statement>
    </SQLStatement>
    <SQLStatement type="custom">
        <DBType>ALL</DBType>
        <statement><![CDATA[UPDATE AD_Column SET ReadOnlyLogic=chr(64)||'Bay_MasterInvoiceLine_ID'||chr(64)||' !0 ', Updated=SYSDATE WHERE AD_Column_ID=3848 OR AD_Column_ID=3838 OR AD_Column_ID=3843 OR AD_Column_ID=12870 OR AD_Column_ID=4434 OR AD_Column_ID=3842 OR AD_Column_ID=12869 OR AD_Column_ID=8549 ]]></statement>
    </SQLStatement>
    <SQLStatement type="custom">
        <DBType>ALL</DBType>
        <statement><![CDATA[UPDATE AD_Column SET ReadOnlyLogic=chr(64)||'Bay_MasterInvoiceLine_ID'||chr(64)||' !0 | '||chr(64)||'S_ResourceAssignment_ID'||chr(64)||'!0 | '||chr(64)||'C_Charge_ID'||chr(64)||'!0', Updated=SYSDATE WHERE AD_Column_ID=3840 ]]></statement>
    </SQLStatement>
</idempiere>
